{"cameraMode":{"drawMode":0,"name":"Shaded","section":"Shading Mode"},"sceneLighting":true,"audioPlay":false,"sceneViewState":{"showFog":true,"showMaterialUpdate":false,"showSkybox":true,"showFlares":true,"showImageEffects":true,"showParticleSystems":true},"in2DMode":false,"pivot":{"x":-4.253787994384766,"y":1.8113842010498047,"z":-0.46271657943725588},"rotation":{"x":0.15399427711963654,"y":-0.4383055567741394,"z":0.07650648802518845,"w":0.8822249174118042},"size":12.811065673828125,"orthographic":false}